{
  "feature_mean": [
    26.893762588500977,
    83.9489974975586,
    1.5036699771881104,
    200.48800659179688,
    42.560001373291016,
    4.676000118255615,
    7003.56591796875
  ],
  "feature_std": [
    3.191622257232666,
    15.433547973632812,
    1.1255179643630981,
    104.90857696533203,
    34.173763275146484,
    10.351764678955078,
    2922.6201171875
  ],
  "feature_cols": [
    "temperature",
    "humidity",
    "wind_speed",
    "wind_direction",
    "avg_fire_confidence",
    "upwind_fire_count",
    "population_density"
  ]
}