{"feature_mean": [26.831186294555664, 84.09625244140625, 1.488724946975708, 194.1875, 43.04999923706055, 5.076250076293945, 7032.26611328125, 58.678749084472656], "feature_std": [3.1718719005584717, 15.399381637573242, 1.1371153593063354, 105.61664581298828, 34.08298110961914, 11.1410551071167, 2912.335205078125, 48.178466796875]}