{
  "training_date": "2025-11-30T12:16:21.837053",
  "epochs_trained": 300,
  "best_val_r2": 0.8487292528152466,
  "best_val_rmse": 174.2555389404297,
  "final_metrics": {
    "mae": 10.989087104797363,
    "rmse": 13.200589179992676,
    "r2": 0.8487292590749442,
    "avg_uncertainty": 5.356909334659576
  },
  "dataset_info": {
    "total_samples": 1000,
    "train_samples": 800,
    "val_samples": 200,
    "num_cities": 7,
    "num_edges": 8
  },
  "config": {
    "hidden_dim": 128,
    "num_heads": 4,
    "dropout": 0.2,
    "learning_rate": 0.001
  }
}