{
  "feature_mean": [
    25.933029174804688,
    88.54461669921875,
    2.297215700149536,
    256.94921875,
    1.076923131942749,
    0.01076923031359911,
    7288.9462890625,
    -0.019366495311260223,
    -0.01486032735556364,
    0.2461538463830948
  ],
  "feature_std": [
    2.1166915893554688,
    8.163257598876953,
    1.7838736772537231,
    100.36927795410156,
    8.615391731262207,
    0.10321446508169174,
    3305.603759765625,
    0.7021134495735168,
    0.7116461396217346,
    0.430769681930542
  ],
  "feature_cols": [
    "temperature",
    "humidity",
    "wind_speed",
    "wind_direction",
    "avg_fire_confidence",
    "upwind_fire_count",
    "population_density",
    "hour_sin",
    "hour_cos",
    "is_rush_hour"
  ]
}