{
  "feature_mean": [
    27.25800132751465,
    83.69999694824219,
    3.5980002880096436,
    288.0,
    0.0,
    0.0,
    7435.5703125
  ],
  "feature_std": [
    2.3710029125213623,
    9.143850326538086,
    1.7226015329360962,
    96.7625961303711,
    9.99999993922529e-09,
    9.99999993922529e-09,
    3585.875732421875
  ],
  "feature_cols": [
    "temperature",
    "humidity",
    "wind_speed",
    "wind_direction",
    "avg_fire_confidence",
    "upwind_fire_count",
    "population_density"
  ]
}