{
  "feature_mean": [
    25.853713989257812,
    88.67460632324219,
    2.283507823944092,
    256.25079345703125,
    1.1111111640930176,
    0.011111111380159855,
    7299.99365234375
  ],
  "feature_std": [
    2.076594352722168,
    8.142026901245117,
    1.794687032699585,
    100.62289428710938,
    8.748894691467285,
    0.1048220694065094,
    3324.224365234375
  ],
  "feature_cols": [
    "temperature",
    "humidity",
    "wind_speed",
    "wind_direction",
    "avg_fire_confidence",
    "upwind_fire_count",
    "population_density"
  ]
}