{
  "feature_mean": [
    25.965538024902344,
    88.5,
    2.251102924346924,
    256.9617614746094,
    1.029411792755127,
    0.010294117964804173,
    7273.59326171875,
    -0.02770097367465496,
    -0.048498112708330154,
    0.23529411852359772,
    43.8986701965332
  ],
  "feature_std": [
    2.1013267040252686,
    8.073558807373047,
    1.7715442180633545,
    99.72624969482422,
    8.426076889038086,
    0.10093619674444199,
    3279.492431640625,
    0.6974935531616211,
    0.7144115567207336,
    0.42418405413627625,
    27.867198944091797
  ],
  "feature_cols": [
    "temperature",
    "humidity",
    "wind_speed",
    "wind_direction",
    "avg_fire_confidence",
    "upwind_fire_count",
    "population_density",
    "hour_sin",
    "hour_cos",
    "is_rush_hour",
    "current_pm25"
  ]
}